{
  "project_info": {
    "project_number": "270598268954",
    "firebase_url": "https://fir-emailauthexample.firebaseio.com",
    "project_id": "fir-emailauthexample",
    "storage_bucket": "fir-emailauthexample.appspot.com"
  },
  "client": [
    {
      "client_info": {
        "mobilesdk_app_id": "1:270598268954:android:e6bd561acf41dd3b8fc9a3",
        "android_client_info": {
          "package_name": "com.example.firebaseemailpasswordexample"
        }
      },
      "oauth_client": [
        {
          "client_id": "270598268954-b2mq1rg3dgranv6u581sa8dj9fkkvefn.apps.googleusercontent.com",
          "client_type": 1,
          "android_info": {
            "package_name": "com.example.firebaseemailpasswordexample",
            "certificate_hash": "072259d7f3e54982791790117fdd745fd884baf0"
          }
        },
        {
          "client_id": "270598268954-dv3f90ad1gv6bh0lkv7i3rap89mo8p26.apps.googleusercontent.com",
          "client_type": 3
        }
      ],
      "api_key": [
        {
          "current_key": "AIzaSyApTnKaEKYBPLG9Si7mTlbiyvgW9PEUF00"
        }
      ],
      "services": {
        "appinvite_service": {
          "other_platform_oauth_client": [
            {
              "client_id": "270598268954-dv3f90ad1gv6bh0lkv7i3rap89mo8p26.apps.googleusercontent.com",
              "client_type": 3
            }
          ]
        }
      }
    }
  ],
  "configuration_version": "1"
}